id,created_at,updated_at,user_id,parent_name,sequence,ionized,intensity_absolute,intensity_normalized
1,"2021-05-25 22:47:23","2021-05-25 22:47:23",1,"sp|P17169|GLMS_ECOLI Glutamine--fructose-6-phosphate aminotransferase [isomerizing] OS=Escherichia coli (strain K12) OX=83333 GN=glmS PE=1 SV=4",MCGIVGAIAQR,0,NULL,NULL
2,"2021-05-25 22:47:23","2021-05-25 22:47:23",1,"sp|P17169|GLMS_ECOLI Glutamine--fructose-6-phosphate aminotransferase [isomerizing] OS=Escherichia coli (strain K12) OX=83333 GN=glmS PE=1 SV=4",DVAEILLEGLR,0,NULL,NULL
3,"2021-05-25 22:47:23","2021-05-25 22:47:23",1,"sp|P17169|GLMS_ECOLI Glutamine--fructose-6-phosphate aminotransferase [isomerizing] OS=Escherichia coli (strain K12) OX=83333 GN=glmS PE=1 SV=4",GYDSAGLAVVDAEGHMTR,1,NULL,NULL
4,"2021-05-25 22:47:23","2021-05-25 22:47:23",1,"sp|P17169|GLMS_ECOLI Glutamine--fructose-6-phosphate aminotransferase [isomerizing] OS=Escherichia coli (strain K12) OX=83333 GN=glmS PE=1 SV=4",VQMLAQAAEEHPLHGGTGIAHTR,1,NULL,NULL
5,"2021-05-25 22:47:23","2021-05-25 22:47:23",1,"sp|P17169|GLMS_ECOLI Glutamine--fructose-6-phosphate aminotransferase [isomerizing] OS=Escherichia coli (strain K12) OX=83333 GN=glmS PE=1 SV=4",WATHGEPSEVNAHPHVSEHIVVVHNGIIENHEPLR,0,NULL,NULL
6,"2021-05-25 22:47:23","2021-05-25 22:47:23",1,"sp|P17169|GLMS_ECOLI Glutamine--fructose-6-phosphate aminotransferase [isomerizing] OS=Escherichia coli (strain K12) OX=83333 GN=glmS PE=1 SV=4",GYTFVSETDTEVIAHLVNWELK,1,NULL,NULL
7,"2021-05-25 22:47:23","2021-05-25 22:47:23",1,"sp|P17169|GLMS_ECOLI Glutamine--fructose-6-phosphate aminotransferase [isomerizing] OS=Escherichia coli (strain K12) OX=83333 GN=glmS PE=1 SV=4",AIPQLR,0,NULL,NULL
8,"2021-05-25 22:47:23","2021-05-25 22:47:23",1,"sp|P17169|GLMS_ECOLI Glutamine--fructose-6-phosphate aminotransferase [isomerizing] OS=Escherichia coli (strain K12) OX=83333 GN=glmS PE=1 SV=4",GAYGTVIMDSR,1,NULL,NULL
9,"2021-05-25 22:47:23","2021-05-25 22:47:23",1,"sp|P17169|GLMS_ECOLI Glutamine--fructose-6-phosphate aminotransferase [isomerizing] OS=Escherichia coli (strain K12) OX=83333 GN=glmS PE=1 SV=4",HPDTLLAAR,0,NULL,NULL
10,"2021-05-25 22:47:23","2021-05-25 22:47:23",1,"sp|P17169|GLMS_ECOLI Glutamine--fructose-6-phosphate aminotransferase [isomerizing] OS=Escherichia coli (strain K12) OX=83333 GN=glmS PE=1 SV=4",SGSPLVIGLGMGENFIASDQLALLPVTR,1,NULL,NULL
11,"2021-05-25 22:47:23","2021-05-25 22:47:23",1,"sp|P17169|GLMS_ECOLI Glutamine--fructose-6-phosphate aminotransferase [isomerizing] OS=Escherichia coli (strain K12) OX=83333 GN=glmS PE=1 SV=4",FIFLEEGDIAEITR,1,NULL,NULL
12,"2021-05-25 22:47:23","2021-05-25 22:47:23",1,"sp|P17169|GLMS_ECOLI Glutamine--fructose-6-phosphate aminotransferase [isomerizing] OS=Escherichia coli (strain K12) OX=83333 GN=glmS PE=1 SV=4",SVNIFDK,0,NULL,NULL
13,"2021-05-25 22:47:23","2021-05-25 22:47:23",1,"sp|P17169|GLMS_ECOLI Glutamine--fructose-6-phosphate aminotransferase [isomerizing] OS=Escherichia coli (strain K12) OX=83333 GN=glmS PE=1 SV=4",QDIESNLQYDAGDK,0,NULL,NULL
14,"2021-05-25 22:47:23","2021-05-25 22:47:23",1,"sp|P17169|GLMS_ECOLI Glutamine--fructose-6-phosphate aminotransferase [isomerizing] OS=Escherichia coli (strain K12) OX=83333 GN=glmS PE=1 SV=4",HYMQK,0,NULL,NULL
15,"2021-05-25 22:47:23","2021-05-25 22:47:23",1,"sp|P17169|GLMS_ECOLI Glutamine--fructose-6-phosphate aminotransferase [isomerizing] OS=Escherichia coli (strain K12) OX=83333 GN=glmS PE=1 SV=4",EIYEQPNAIK,0,NULL,NULL
16,"2021-05-25 22:47:23","2021-05-25 22:47:23",1,"sp|P17169|GLMS_ECOLI Glutamine--fructose-6-phosphate aminotransferase [isomerizing] OS=Escherichia coli (strain K12) OX=83333 GN=glmS PE=1 SV=4",NTLTGR,0,NULL,NULL
17,"2021-05-25 22:47:23","2021-05-25 22:47:23",1,"sp|P17169|GLMS_ECOLI Glutamine--fructose-6-phosphate aminotransferase [isomerizing] OS=Escherichia coli (strain K12) OX=83333 GN=glmS PE=1 SV=4",ISHGQVDLSELGPNADELLSK,1,NULL,NULL
18,"2021-05-25 22:47:23","2021-05-25 22:47:23",1,"sp|P17169|GLMS_ECOLI Glutamine--fructose-6-phosphate aminotransferase [isomerizing] OS=Escherichia coli (strain K12) OX=83333 GN=glmS PE=1 SV=4",VEHIQILACGTSYNSGMVSR,1,NULL,NULL
19,"2021-05-25 22:47:23","2021-05-25 22:47:23",1,"sp|P17169|GLMS_ECOLI Glutamine--fructose-6-phosphate aminotransferase [isomerizing] OS=Escherichia coli (strain K12) OX=83333 GN=glmS PE=1 SV=4",YWFESLAGIPCDVEIASEFR,1,NULL,NULL
20,"2021-05-25 22:47:23","2021-05-25 22:47:23",1,"sp|P17169|GLMS_ECOLI Glutamine--fructose-6-phosphate aminotransferase [isomerizing] OS=Escherichia coli (strain K12) OX=83333 GN=glmS PE=1 SV=4",NSLMITLSQSGETADTLAGLR,1,NULL,NULL
21,"2021-05-25 22:47:23","2021-05-25 22:47:23",1,"sp|P17169|GLMS_ECOLI Glutamine--fructose-6-phosphate aminotransferase [isomerizing] OS=Escherichia coli (strain K12) OX=83333 GN=glmS PE=1 SV=4",ELGYLGSLAICNVPGSSLVR,1,NULL,NULL
22,"2021-05-25 22:47:23","2021-05-25 22:47:23",1,"sp|P17169|GLMS_ECOLI Glutamine--fructose-6-phosphate aminotransferase [isomerizing] OS=Escherichia coli (strain K12) OX=83333 GN=glmS PE=1 SV=4",ESDLALMTNAGTEIGVASTK,0,NULL,NULL
23,"2021-05-25 22:47:23","2021-05-25 22:47:23",1,"sp|P17169|GLMS_ECOLI Glutamine--fructose-6-phosphate aminotransferase [isomerizing] OS=Escherichia coli (strain K12) OX=83333 GN=glmS PE=1 SV=4",AFTTQLTVLLMLVAK,0,NULL,NULL
24,"2021-05-25 22:47:23","2021-05-25 22:47:23",1,"sp|P17169|GLMS_ECOLI Glutamine--fructose-6-phosphate aminotransferase [isomerizing] OS=Escherichia coli (strain K12) OX=83333 GN=glmS PE=1 SV=4",GLDASIEHDIVHGLQALPSR,1,NULL,NULL
25,"2021-05-25 22:47:23","2021-05-25 22:47:23",1,"sp|P17169|GLMS_ECOLI Glutamine--fructose-6-phosphate aminotransferase [isomerizing] OS=Escherichia coli (strain K12) OX=83333 GN=glmS PE=1 SV=4",IEQMLSQDK,0,NULL,NULL
26,"2021-05-25 22:47:23","2021-05-25 22:47:23",1,"sp|P17169|GLMS_ECOLI Glutamine--fructose-6-phosphate aminotransferase [isomerizing] OS=Escherichia coli (strain K12) OX=83333 GN=glmS PE=1 SV=4",IEALAEDFSDK,0,NULL,NULL
27,"2021-05-25 22:47:23","2021-05-25 22:47:23",1,"sp|P17169|GLMS_ECOLI Glutamine--fructose-6-phosphate aminotransferase [isomerizing] OS=Escherichia coli (strain K12) OX=83333 GN=glmS PE=1 SV=4",HHALFLGR,0,NULL,NULL
28,"2021-05-25 22:47:23","2021-05-25 22:47:23",1,"sp|P17169|GLMS_ECOLI Glutamine--fructose-6-phosphate aminotransferase [isomerizing] OS=Escherichia coli (strain K12) OX=83333 GN=glmS PE=1 SV=4",GDQYPIALEGALK,1,NULL,NULL
29,"2021-05-25 22:47:23","2021-05-25 22:47:23",1,"sp|P17169|GLMS_ECOLI Glutamine--fructose-6-phosphate aminotransferase [isomerizing] OS=Escherichia coli (strain K12) OX=83333 GN=glmS PE=1 SV=4",EISYIHAEAYAAGELK,1,NULL,NULL
30,"2021-05-25 22:47:23","2021-05-25 22:47:23",1,"sp|P17169|GLMS_ECOLI Glutamine--fructose-6-phosphate aminotransferase [isomerizing] OS=Escherichia coli (strain K12) OX=83333 GN=glmS PE=1 SV=4",HGPLALIDADMPVIVVAPNNELLEK,1,NULL,NULL
31,"2021-05-25 22:47:23","2021-05-25 22:47:23",1,"sp|P17169|GLMS_ECOLI Glutamine--fructose-6-phosphate aminotransferase [isomerizing] OS=Escherichia coli (strain K12) OX=83333 GN=glmS PE=1 SV=4",SNIEEVR,0,NULL,NULL
32,"2021-05-25 22:47:23","2021-05-25 22:47:23",1,"sp|P17169|GLMS_ECOLI Glutamine--fructose-6-phosphate aminotransferase [isomerizing] OS=Escherichia coli (strain K12) OX=83333 GN=glmS PE=1 SV=4",GTDVDQPR,0,NULL,NULL
